"Start Time","End Time","Activity ID","Activity Name","Description","Location Name","Time Zone","Offset","Duration (h:m:s)","Elapsed Duration (h:m:s)","Moving Duration (h:m:s)","Activity Parent","Activity Type","Event Type","Device","Gear","Privacy","File Format","Distance (km)","Average Speed (km/h)","Average Speed (km/h or min/km)","Average Moving Speed (km/h)","Average Moving Speed (km/h or min/km)","Max. Speed (km/h)","Max. Speed (km/h or min/km)","Elevation Gain (m)","Elevation Loss (m)","Elevation Min. (m)","Elevation Max. (m)","Elevation Corrected","Begin Latitude (Â°DD)","Begin Longitude (Â°DD)","End Latitude (Â°DD)","End Longitude (Â°DD)","Max. Heart Rate (bpm)","Average Heart Rate (bpm)","Calories","VO2max","Aerobic Training Effect","Anaerobic Training Effect","Avg. Run Cadence","Max. Run Cadence","Stride Length","Steps","Avg. Cadence (rpm)","Max. Cadence (rpm)","Strokes","Avg. Temp (Â°C)","Min. Temp (Â°C)","Max. Temp (Â°C)"
"2021-07-28T11:34:29+02:00","2021-07-28T12:20:40+02:00","7203093510","Linselles Course","","Linselles","Europe/Paris","+02:00","00:45:21","00:46:11","00:45:19","Any Activity Type","Running","Uncategorized","Forerunner 245 7.20.0.0","","private","fit","8.16373","10.800000000000002","05:33","10.808024210137921","05:33","12.193200302124025","04:55","26.51","26.83","16.2","38.0","true","50.737341","3.072167","50.735943","3.059735","176","163","616","48.0","3.8","","151.97","159.0","118.44","6832","","","","","",""
"2021-07-27T15:39:27+02:00","2021-07-27T16:20:52+02:00","7198547059","Linselles - VMA courte 12x(30s-30s)","","Linselles","Europe/Paris","+02:00","00:41:25","00:41:25","00:35:40","Any Activity Type","Running","Uncategorized","Forerunner 245 7.20.0.0","","private","fit","6.12687","8.877600288391113","06:46","10.30598853280458","05:49","17.164800453186036","03:30","13.43","16.36","15.5","32.25","true","50.737278","3.071971","50.735978","3.059747","185","154","475","","3.3","2.2","","","","5630","","","","","",""
"2021-07-23T10:36:20+02:00","2021-07-23T11:09:25+02:00","7174352233","Linselles Course","","Linselles","Europe/Paris","+02:00","00:33:05","00:33:05","00:33:00","Any Activity Type","Running","Uncategorized","Forerunner 245 7.20.0.0","","private","fit","5.91145","10.72079973220825","05:36","10.749138996702484","05:35","13.83840036392212","04:20","20.19","22.82","16.89","34.29","true","50.737392","3.072009","50.735895","3.059457","176","161","443","48.0","3.4","0.1","148.83","165.0","120.09","4914","","","","","",""
"2021-07-21T15:31:44+02:00","2021-07-21T16:43:38+02:00","7164344884","Linselles Cyclisme","","Linselles","Europe/Paris","+02:00","01:11:54","01:11:54","01:11:49","Any Activity Type","Cycling","Uncategorized","Forerunner 245 7.20.0.0","","private","fit","32.84620","27.410399436950684","27.4","27.44221680119687","27.4","49.1759994506836","49.2","506.53","503.7","20.08","59.77","true","50.737330","3.072023","50.761084","3.047979","180","154","827","","3.5","2.3","","","","","","","","","",""
"2021-07-20T11:22:28+02:00","2021-07-20T12:26:07+02:00","7156844593","Linselles Cyclisme","","Linselles","Europe/Paris","+02:00","01:03:39","01:03:39","01:03:37","Any Activity Type","Cycling","Uncategorized","Forerunner 245 7.20.0.0","","private","fit","30.01189","28.288799285888672","28.3","28.308941879069426","28.3","51.56279983520508","51.6","451.05","455.16","19.67","59.63","true","50.737396","3.071963","50.764655","3.053657","182","154","723","","3.4","2.1","","","","","","","","","",""
"2021-07-19T15:31:21+02:00","2021-07-19T16:04:25+02:00","7152174542","Linselles Course","","Linselles","Europe/Paris","+02:00","00:28:59","00:33:04","00:28:52","Any Activity Type","Running","Uncategorized","Forerunner 245 7.20.0.0","","private","fit","5.06994","10.493999862670899","05:43","10.537166155022906","05:42","12.564000034332276","04:47","21.99","24.68","16.98","34.18","true","50.737391","3.071978","50.735946","3.059555","176","158","375","48.0","3.1","","146.59","158.0","119.27","4244","","","","","",""
"2021-07-18T09:43:36+02:00","2021-07-18T10:45:52+02:00","7144746417","Linselles Cyclisme","","Linselles","Europe/Paris","+02:00","01:02:16","01:02:16","01:02:14","Any Activity Type","Cycling","Uncategorized","Forerunner 245 7.20.0.0","","private","fit","30.68931","29.574000549316406","29.6","29.586197105228287","29.6","45.51479873657227","45.5","172.39","161.06","19.14","50.93","true","50.737347","3.072047","50.731424","3.069837","178","154","752","","3.5","0.3","","","","","","","","","",""
"2021-07-16T17:24:08+02:00","2021-07-16T18:26:58+02:00","7136270039","Linselles Cyclisme","","Linselles","Europe/Paris","+02:00","01:02:50","01:02:50","01:02:48","Any Activity Type","Cycling","Uncategorized","Forerunner 245 7.20.0.0","","private","fit","30.65483","29.271598434448244","29.3","29.289927804949357","29.3","48.10320167541504","48.1","175.13","170.82","18.39","48.74","true","50.737272","3.071958","50.731457","3.069879","185","156","737","","3.5","2.0","","","","","","","","","",""
"2021-07-14T09:15:27+02:00","2021-07-14T12:17:32+02:00","7123536504","Linselles Cyclisme","","Linselles","Europe/Paris","+02:00","02:56:50","03:02:05","02:55:04","Any Activity Type","Cycling","Uncategorized","Forerunner 245 7.20.0.0","","private","fit","83.09817","28.19519920349121","28.2","28.479537575011168","28.5","51.96600151062012","52.0","522.68","524.41","11.14","149.81","true","50.737318","3.071996","50.718102","3.015118","191","161","1930","","4.9","2.5","","","","","","","","","",""
"2021-07-12T10:21:02+02:00","2021-07-12T11:11:43+02:00","7111637728","Linselles Course","","Linselles","Europe/Paris","+02:00","00:49:59","00:50:41","00:49:55","Any Activity Type","Running","Uncategorized","Forerunner 245 7.20.0.0","","private","fit","8.78023","10.537200164794923","05:42","10.554331465157452","05:41","13.370399951934814","04:29","52.48","57.29","21.0","45.94","true","50.737346","3.071831","50.742611","3.062732","175","164","672","48.0","3.9","","148.72","157.0","118.11","7400","","","","","",""
"2021-07-11T09:34:50+02:00","2021-07-11T10:30:44+02:00","7105583387","Linselles Cyclisme","","Linselles","Europe/Paris","+02:00","00:55:54","00:55:54","00:55:52","Any Activity Type","Cycling","Uncategorized","Forerunner 245 7.20.0.0","","private","fit","27.10731","29.098800659179688","29.1","29.11183022005907","29.1","47.0591983795166","47.1","127.67","131.06","16.05","45.66","true","50.737461","3.070556","50.756013","3.042248","183","153","668","","3.3","1.9","","","","","","","","","",""
"2021-07-08T16:48:58+02:00","2021-07-08T17:51:01+02:00","7100116289","Linselles Cyclisme","","Linselles","Europe/Paris","+02:00","01:02:03","01:02:03","01:01:58","Any Activity Type","Cycling","Uncategorized","Forerunner 245 7.20.0.0","","private","fit","30.65079","29.635201263427735","29.6","29.675072337885545","29.7","47.09519920349121","47.1","179.19","175.93","19.07","50.95","true","50.737334","3.071919","50.731476","3.069941","186","154","713","","3.4","2.4","","","","","","","","","",""
"2021-07-07T16:10:05+02:00","2021-07-07T17:22:24+02:00","7091523247","Linselles Cyclisme","","Linselles","Europe/Paris","+02:00","01:12:19","01:12:19","01:11:57","Any Activity Type","Cycling","Uncategorized","Forerunner 245 7.20.0.0","","private","fit","33.44693","27.74880065917969","27.7","27.891332388749078","27.9","53.13959884643555","53.1","368.18","367.98","19.0","57.99","true","50.737353","3.072025","50.764615","3.053622","184","160","865","","3.7","2.7","","","","","","","","","",""
"2021-07-05T16:01:42+02:00","2021-07-05T17:09:20+02:00","7074132901","Linselles Cyclisme","","Linselles","Europe/Paris","+02:00","01:07:38","01:07:38","01:07:37","Any Activity Type","Cycling","Uncategorized","Forerunner 245 7.20.0.0","","private","fit","35.35572","31.363199615478518","31.4","31.37689319961504","31.4","43.23239936828613","43.2","182.51","185.91","18.4","48.76","true","50.737283","3.072052","50.731442","3.069817","182","163","895","","4.2","1.2","","","","","","","","","",""
"2021-07-03T09:57:11+02:00","2021-07-03T11:51:26+02:00","7061331215","Linselles Cyclisme","","Linselles","Europe/Paris","+02:00","01:54:15","01:54:15","01:53:53","Any Activity Type","Cycling","Uncategorized","Forerunner 245 7.20.0.0","","private","fit","54.35007","28.544399642944338","28.5","28.6359454250655","28.6","48.06720085144044","48.1","303.42","309.6","11.08","141.3","true","50.737285","3.071937","50.718108","3.015148","183","160","1311","","4.4","2.0","","","","","","","","","",""
"2021-06-27T10:05:54+02:00","2021-06-27T11:41:04+02:00","7028549418","Linselles Cyclisme","","Linselles","Europe/Paris","+02:00","01:35:10","01:35:10","01:35:00","Any Activity Type","Cycling","Uncategorized","Forerunner 245 7.20.0.0","","private","fit","45.05564","28.407599258422852","28.4","28.45818141015472","28.5","49.478401565551756","49.5","414.12","415.39","19.16","59.55","true","50.737046","3.072222","50.764852","3.053702","184","158","1092","","3.9","2.1","","","","","","","","","",""
"2021-06-26T15:47:32+02:00","2021-06-26T17:01:09+02:00","7024598749","Linselles Cyclisme","","Linselles","Europe/Paris","+02:00","01:11:50","01:13:37","01:11:49","Any Activity Type","Cycling","Uncategorized","Forerunner 245 7.20.0.0","","private","fit","36.85538","30.783598709106446","30.8","30.79079059880179","30.8","44.60759925842285","44.6","190.25","194.86","18.53","50.97","true","50.737352","3.071899","50.731430","3.069795","182","161","936","","3.9","1.0","","","","","","","","","",""
"2021-06-24T17:30:22+02:00","2021-06-24T18:22:33+02:00","7013977217","Linselles Course","","Linselles","Europe/Paris","+02:00","00:50:48","00:52:11","00:50:29","Any Activity Type","Running","Uncategorized","Forerunner 245 7.20.0.0","","private","fit","8.80076","10.39680004119873","05:46","10.46103324164083","05:44","13.10039978027344","04:35","36.13","35.31","21.0","45.97","true","50.737417","3.072005","50.742699","3.062809","175","160","655","47.0","3.7","","142.58","155.0","121.38","7256","","","","","",""
"2021-06-22T16:41:54+02:00","2021-06-22T17:12:14+02:00","7002240596","Linselles Course","","Linselles","Europe/Paris","+02:00","00:30:20","00:30:20","00:30:15","Any Activity Type","Running","Uncategorized","Forerunner 245 7.20.0.0","","private","fit","5.94691","11.761199855804444","05:06","11.797994412112395","05:05","13.26960039138794","04:31","17.2","22.3","20.35","36.0","true","50.737317","3.072154","50.735919","3.059725","188","168","422","47.0","3.7","0.2","150.94","161.0","129.89","4562","","","","","",""
"2021-06-20T08:45:09+02:00","2021-06-20T10:36:19+02:00","6989359120","Wervicq-Sud Cyclisme","","Wervicq-Sud","Europe/Paris","+02:00","01:51:10","01:51:10","01:51:08","Any Activity Type","Cycling","Uncategorized","Forerunner 245 7.20.0.0","","private","fit","54.28414","29.296798324584962","29.3","29.30804469906517","29.3","48.9060001373291","48.9","304.29","295.43","11.05","143.09","true","50.750682","3.055369","50.766367","3.010883","184","157","1253","","4.1","2.1","","","","","","","","","",""
"2021-06-19T18:00:28+02:00","2021-06-19T18:52:04+02:00","6986895070","Linselles Course","","Linselles","Europe/Paris","+02:00","00:51:36","00:51:36","00:51:33","Any Activity Type","Running","Uncategorized","Forerunner 245 7.20.0.0","","private","fit","9.38522","10.91159963607788","05:30","10.923977253175531","05:30","13.068000411987304","04:35","72.03","64.74","21.0","49.6","true","50.737320","3.072005","50.742561","3.062626","180","170","710","46.0","4.5","","146.45","156.0","124.18","7536","","","","","",""
"2021-06-16T18:25:30+02:00","2021-06-16T19:37:46+02:00","6970039918","Linselles Cyclisme","","Linselles","Europe/Paris","+02:00","01:10:01","01:12:16","01:09:44","Any Activity Type","Cycling","Uncategorized","Forerunner 245 7.20.0.0","","private","fit","32.64256","27.97199993133545","28.0","28.089629722451047","28.1","51.930000686645506","51.9","375.23","365.23","19.04","59.73","true","50.740573","3.069537","50.760884","3.054867","186","163","858","","4.1","3.0","","","","","","","","","",""
"2021-06-13T09:58:35+02:00","2021-06-13T11:04:39+02:00","6949391334","Linselles Cyclisme","","Linselles","Europe/Paris","+02:00","01:06:04","01:06:04","01:05:57","Any Activity Type","Cycling","Uncategorized","Forerunner 245 7.20.0.0","","private","fit","30.18572","27.417600631713867","27.4","27.461487625338044","27.5","52.502398681640635","52.5","325.43","320.89","19.14","59.66","true","50.737513","3.071868","50.764592","3.053605","183","156","765","","3.5","2.3","","","","","","","","","",""
"2021-06-12T16:57:08+02:00","2021-06-12T19:19:00+02:00","6946506135","Linselles Cyclisme","","Linselles","Europe/Paris","+02:00","02:11:39","02:21:52","02:05:08","Any Activity Type","Cycling","Uncategorized","Forerunner 245 7.20.0.0","","private","fit","54.67653","24.919199752807618","24.9","26.216487630649333","26.2","51.26040115356445","51.3","301.29","297.24","11.05","154.13","true","50.728657","3.080597","50.727343","3.086340","188","151","1355","","3.8","2.5","","","","","","","","","",""
"2021-06-11T11:49:48+02:00","2021-06-11T12:17:54+02:00","6938423732","Linselles Course","","Linselles","Europe/Paris","+02:00","00:27:11","00:28:06","00:27:05","Any Activity Type","Running","Uncategorized","Forerunner 245 7.20.0.0","","private","fit","5.01081","11.059200096130374","05:26","11.10213540220919","05:24","13.068000411987304","04:35","17.1","22.49","21.0","36.0","true","50.737515","3.071883","50.744272","3.069475","179","167","367","46.0","3.5","","146.91","156.0","125.44","3986","","","","","",""
"2021-06-09T11:50:51+02:00","2021-06-09T12:51:25+02:00","6926908563","Linselles Cyclisme","","Linselles","Europe/Paris","+02:00","00:58:47","01:00:34","00:58:44","Any Activity Type","Cycling","Uncategorized","Forerunner 245 7.20.0.0","","private","fit","30.05726","30.675599670410158","30.7","30.707508483170887","30.7","44.7408016204834","44.7","171.54","160.57","19.22","50.83","true","50.737395","3.071914","50.731378","3.069677","178","163","757","","4.1","0.2","","","","","","","","","",""
"2021-06-07T17:14:19+02:00","2021-06-07T18:14:24+02:00","6916561595","Linselles Cyclisme","","Linselles","Europe/Paris","+02:00","01:00:05","01:00:05","00:59:31","Any Activity Type","Cycling","Uncategorized","Forerunner 245 7.20.0.0","","private","fit","25.98661","25.952400398254394","26.0","26.197228207186082","26.2","37.519199752807616","37.5","68.6","74.65","15.0","49.41","true","50.736627","3.072711","50.705061","3.057303","188","142","600","","2.9","1.4","","","","","","","","","",""
"2021-06-06T17:22:55+02:00","2021-06-06T18:22:02+02:00","6911437361","Linselles Course","","Linselles","Europe/Paris","+02:00","00:59:07","00:59:07","00:59:05","Any Activity Type","Running","Uncategorized","Forerunner 245 7.20.0.0","","private","fit","10.31498","10.46879997253418","05:44","10.475287290262527","05:44","11.959200096130372","05:01","65.36","69.7","21.0","49.73","true","50.737288","3.072157","50.742556","3.062751","179","167","784","46.0","4.5","0.1","147.47","155.0","118.34","8698","","","","","",""
"2021-06-03T17:13:38+02:00","2021-06-03T18:36:34+02:00","6893515745","Linselles Cyclisme","","Linselles","Europe/Paris","+02:00","01:22:56","01:22:56","01:22:53","Any Activity Type","Cycling","Uncategorized","Forerunner 245 6.20.0.0","","private","fit","40.01522","28.951199340820313","29.0","28.965045389227157","29.0","42.5591983795166","42.6","239.03","227.54","19.18","50.96","true","50.737253","3.072028","50.731397","3.069837","181","161","1020","","4.3","1.3","","","","","","","","","",""
"2021-06-02T18:06:39+02:00","2021-06-02T19:05:43+02:00","6887619403","Linselles Cyclisme","","Linselles","Europe/Paris","+02:00","00:59:04","00:59:04","00:59:02","Any Activity Type","Cycling","Uncategorized","Forerunner 245 6.20.0.0","","private","fit","27.52246","27.957599258422857","28.0","27.972444706959173","28.0","54.349200439453135","54.3","275.8","275.3","19.0","59.54","true","50.737378","3.071954","50.764685","3.053645","186","162","724","","4.0","2.6","","","","","","","","","",""
"2021-05-30T08:52:21+02:00","2021-05-30T11:01:46+02:00","6866593850","Linselles Cyclisme","","Linselles","Europe/Paris","+02:00","02:09:25","02:09:25","02:09:13","Any Activity Type","Cycling","Uncategorized","Forerunner 245 6.20.0.0","","private","fit","59.80110","27.727200508117676","27.7","27.769141883413333","27.8","48.84120140075684","48.8","510.42","506.36","19.1","59.65","true","50.737567","3.071819","50.764515","3.053613","187","158","1375","","4.5","3.0","","","","","","","","","",""
"2021-05-28T16:39:14+02:00","2021-05-28T17:26:20+02:00","6857042310","Linselles - VMA courte 12x(30s-30s)","","Linselles","Europe/Paris","+02:00","00:47:05","00:47:06","00:47:01","Any Activity Type","Running","Uncategorized","Forerunner 245 6.20.0.0","","private","fit","6.68203","8.514000034332275","07:03","8.525821513858073","07:02","16.056000137329104","03:44","14.09","18.68","16.05","34.36","true","50.737319","3.071956","50.735956","3.059570","193","162","549","46.0","4.1","3.0","127.69","223.0","109.28","6098","","","","","",""
"2021-05-26T18:01:28+02:00","2021-05-26T19:03:44+02:00","6846618082","Linselles - 1h footing terrain vallonné à","","Linselles","Europe/Paris","+02:00","01:00:08","01:02:16","01:00:03","Any Activity Type","Running","Uncategorized","Forerunner 245 6.20.0.0","","private","fit","9.51126","9.489599704742432","06:19","9.50444820432822","06:19","13.068000411987304","04:35","52.85","54.56","21.0","47.49","true","50.737342","3.072026","50.742586","3.062695","182","168","784","46.0","4.5","0.1","142.12","158.0","111.25","8532","","","","","",""
"2021-05-18T16:29:15+02:00","2021-05-18T17:00:01+02:00","6801249241","Linselles Course","","Linselles","Europe/Paris","+02:00","00:29:50","00:30:46","00:29:35","Any Activity Type","Running","Uncategorized","Forerunner 245 6.20.0.0","","private","fit","5.03222","10.119600391387939","05:56","10.205296161937792","05:53","15.82199993133545","03:48","12.55","15.65","16.04","32.31","true","50.737240","3.071943","50.742526","3.062711","179","165","387","46.0","3.4","2.0","139.81","207.0","120.53","4182","","","","","",""
"2021-05-14T10:33:12+02:00","2021-05-14T11:26:34+02:00","6778727619","Saint-Cast-le-Guildo Course","","Saint-Cast-le-Guildo","Europe/Paris","+02:00","00:52:47","00:53:22","00:52:32","Any Activity Type","Running","Uncategorized","Forerunner 245 6.20.0.0","","private","fit","8.08116","9.187200164794922","06:32","9.231168949684317","06:30","12.697199821472168","04:44","108.87","102.19","4.59","56.92","true","48.636008","-2.276407","48.635885","-2.276228","177","162","641","46.0","3.6","1.3","145.88","169.0","104.84","7784","","","","","",""
"2021-05-12T16:35:04+02:00","2021-05-12T17:08:57+02:00","6778723998","Linselles Course","","Linselles","Europe/Paris","+02:00","00:33:53","00:33:53","00:33:47","Any Activity Type","Running","Uncategorized","Forerunner 245 6.20.0.0","","private","fit","6.00748","10.637999725341798","05:38","10.670432155659785","05:37","11.991600322723391","05:00","21.26","24.62","18.15","37.89","true","50.737291","3.071891","50.735900","3.059478","182","170","456","45.0","3.8","","145.44","153.0","121.93","4930","","","","","",""
"2021-05-10T16:13:15+02:00","2021-05-10T17:02:55+02:00","6778721583","Linselles Course","","Linselles","Europe/Paris","+02:00","00:49:40","00:49:40","00:49:34","Any Activity Type","Running","Uncategorized","Forerunner 245 6.20.0.0","","private","fit","8.69949","10.512000274658204","05:42","10.530788485063749","05:42","11.991600322723391","05:00","48.73","47.21","20.72","42.94","true","50.737343","3.071991","50.742521","3.062642","181","170","666","45.0","4.4","","147.23","156.0","118.99","7290","","","","","",""
"2021-05-08T15:01:48+02:00","2021-05-08T17:00:01+02:00","6778718007","Bondues Cyclisme","","Bondues","Europe/Paris","+02:00","01:58:13","01:58:13","01:56:48","Any Activity Type","Cycling","Uncategorized","Forerunner 245 6.20.0.0","","private","fit","51.49508","26.13600082397461","26.1","26.45267163376228","26.5","53.34120140075684","53.3","379.34","388.4","17.96","57.99","true","50.712906","3.108392","50.720049","3.061394","180","156","1185","","4.1","2.5","","","","","","","","","",""
"2021-05-05T17:05:55+02:00","2021-05-05T18:11:28+02:00","6727635172","Linselles Cyclisme","","Linselles","Europe/Paris","+02:00","01:05:33","01:05:33","01:05:29","Any Activity Type","Cycling","Uncategorized","Forerunner 245 6.20.0.0","","private","fit","29.99457","27.45","27.4","27.47957112619781","27.5","53.34120140075684","53.3","343.79","339.15","19.2","59.7","true","50.739023","3.071950","50.763131","3.054411","174","150","675","","3.2","2.2","","","","","","","","","",""
"2021-05-02T10:22:30+02:00","2021-05-02T12:11:28+02:00","6710729609","Linselles Cyclisme","","Linselles","Europe/Paris","+02:00","01:48:58","01:48:58","01:46:37","Any Activity Type","Cycling","Uncategorized","Forerunner 245 6.20.0.0","","private","fit","51.09457","28.134000205993654","28.1","28.753900247179054","28.8","48.70799903869629","48.7","224.89","225.58","12.75","63.87","true","50.739048","3.071968","50.763091","3.054444","179","156","1201","","4.1","2.2","","","","","","","","","",""
"2021-05-01T10:22:40+02:00","2021-05-01T11:32:40+02:00","6710720880","Linselles Cyclisme","","Linselles","Europe/Paris","+02:00","01:10:00","01:10:00","01:09:56","Any Activity Type","Cycling","Uncategorized","Forerunner 245 6.20.0.0","","private","fit","33.03453","28.31399917602539","28.3","28.34106223772561","28.3","51.4259994506836","51.4","376.9","368.62","19.0","59.76","true","50.740264","3.070409","50.761609","3.054785","179","157","798","","3.8","2.3","","","","","","","","","",""
"2021-04-28T16:23:35+02:00","2021-04-28T17:29:01+02:00","6710715223","Linselles Cyclisme","","Linselles","Europe/Paris","+02:00","01:05:26","01:05:26","01:05:00","Any Activity Type","Cycling","Uncategorized","Forerunner 245 6.20.0.0","","private","fit","31.58478","28.96559829711914","29.0","29.15806668816569","29.2","48.53879928588867","48.5","168.25","167.13","19.18","50.93","true","50.737989","3.071981","50.731750","3.070671","183","160","794","","3.8","1.5","","","","","","","","","",""
"2021-04-25T15:58:23+02:00","2021-04-25T16:43:24+02:00","6670676148","Linselles Course","","Linselles","Europe/Paris","+02:00","00:45:01","00:45:01","00:45:00","Any Activity Type","Running","Uncategorized","Forerunner 245 6.20.0.0","","private","fit","8.06591","10.75319995880127","05:35","10.75481381984172","05:35","12.427199649810794","04:50","30.67","30.55","16.04","45.93","true","50.737340","3.071886","50.736005","3.059434","178","163","573","45.0","3.9","0.1","149.0","156.0","120.26","6682","","","","","",""
"2021-04-24T10:45:39+02:00","2021-04-24T12:01:47+02:00","6662016825","Linselles Cyclisme","","Linselles","Europe/Paris","+02:00","01:11:46","01:16:08","01:11:36","Any Activity Type","Cycling","Uncategorized","Forerunner 245 6.20.0.0","","private","fit","34.47203","28.821598434448244","28.8","28.884716399641665","28.9","48.67200164794922","48.7","159.18","155.31","17.74","48.77","true","50.737855","3.071844","50.711112","3.076188","183","161","859","","4.0","1.9","","","","","","","","","",""
"2021-04-22T17:15:58+02:00","2021-04-22T18:05:50+02:00","6652583042","Linselles Course","","Linselles","Europe/Paris","+02:00","00:49:52","00:49:52","00:49:46","Any Activity Type","Running","Uncategorized","Forerunner 245 6.20.0.0","","private","fit","8.90531","10.713600254058838","05:36","10.73635290739121","05:35","12.596400260925293","04:46","60.07","60.79","21.0","49.55","true","50.737289","3.072136","50.742530","3.062906","185","175","686","45.0","4.6","0.2","147.27","155.0","121.28","7332","","","","","",""
"2021-04-19T16:32:12+02:00","2021-04-19T18:27:41+02:00","6635142773","Linselles Cyclisme","","Linselles","Europe/Paris","+02:00","01:55:29","01:55:29","01:55:25","Any Activity Type","Cycling","Uncategorized","Forerunner 245 6.20.0.0","","private","fit","55.33298","28.746000480651855","28.7","28.76344424900062","28.8","49.44599876403809","49.4","334.18","328.57","19.2","50.99","true","50.737903","3.071894","50.731704","3.070582","162","134","937","","2.8","0.5","","","","","","","","","",""
"2021-04-18T10:11:30+02:00","2021-04-18T11:17:59+02:00","6626524624","Linselles Cyclisme","","Linselles","Europe/Paris","+02:00","01:06:29","01:06:29","01:06:27","Any Activity Type","Cycling","Uncategorized","Forerunner 245 6.20.0.0","","private","fit","30.21955","27.277200508117676","27.3","27.28678921842831","27.3","51.05879859924317","51.1","329.11","327.14","19.09","59.66","true","50.737243","3.071989","50.764814","3.053698","187","165","829","","4.1","2.5","","","","","","","","","",""
"2021-04-11T15:37:42+02:00","2021-04-11T16:26:10+02:00","6621941265","Linselles Course","","Linselles","Europe/Paris","+02:00","00:48:28","00:48:28","00:48:25","Any Activity Type","Running","Uncategorized","Forerunner 245 6.20.0.0","","private","fit","8.83229","10.936800384521485","05:29","10.945362206262883","05:29","12.967199993133546","04:38","59.14","54.53","20.57","46.16","true","50.737561","3.071843","50.742679","3.062417","182","168","626","45.0","4.2","","150.42","159.0","121.17","7268","","","","","",""
"2021-04-08T17:04:40+02:00","2021-04-08T18:52:47+02:00","6621937226","Linselles Cyclisme","","Linselles","Europe/Paris","+02:00","01:48:07","01:48:07","01:48:05","Any Activity Type","Cycling","Uncategorized","Forerunner 245 6.20.0.0","","private","fit","50.44838","27.99719982147217","28.0","28.00740165063766","28.0","37.08359870910645","37.1","290.22","286.28","19.13","50.7","true","50.737474","3.072029","50.731514","3.069947","184","168","1317","","5.0","1.6","","","","","","","","","",""
"2021-04-05T16:14:34+02:00","2021-04-05T17:21:37+02:00","6555049081","Linselles Cyclisme","","Linselles","Europe/Paris","+02:00","01:07:03","01:07:03","01:06:58","Any Activity Type","Cycling","Uncategorized","Forerunner 245 6.20.0.0","","private","fit","30.15768","26.985599327087403","27.0","27.017388338440615","27.0","46.72440032958985","46.7","338.86","332.78","19.02","59.79","true","50.737407","3.071914","50.764617","3.053627","184","165","813","","4.2","2.3","","","","","","","","","",""
"2021-04-03T16:15:43+02:00","2021-04-03T17:22:54+02:00","6553348324","Linselles Cyclisme","","Linselles","Europe/Paris","+02:00","01:07:11","01:07:11","01:07:07","Any Activity Type","Cycling","Uncategorized","Forerunner 245 6.20.0.0","","private","fit","30.33890","27.09719982147217","27.1","27.123890835390924","27.1","48.06720085144044","48.1","342.59","334.36","19.02","59.66","true","50.737247","3.071984","50.764737","3.053667","188","160","772","","4.2","2.5","","","","","","","","","",""
"2021-03-31T16:28:43+02:00","2021-03-31T18:14:06+02:00","6553342873","Linselles Cyclisme","","Linselles","Europe/Paris","+02:00","01:45:23","01:45:23","01:45:12","Any Activity Type","Cycling","Uncategorized","Forerunner 245 6.20.0.0","","private","fit","50.20549","28.58759994506836","28.6","28.63383267099558","28.6","41.28120002746582","41.3","293.52","295.44","19.25","50.93","true","50.736507","3.072720","50.732482","3.072716","182","161","1189","","4.5","1.8","","","","","","","","","",""
"2021-03-29T16:58:54+02:00","2021-03-29T18:24:15+02:00","6516330725","Linselles Cyclisme","","Linselles","Europe/Paris","+02:00","01:25:21","01:25:21","01:25:20","Any Activity Type","Cycling","Uncategorized","Forerunner 245 6.20.0.0","","private","fit","39.90841","28.051199340820315","28.1","28.06134619568973","28.1","37.519199752807616","37.5","239.62","225.0","19.2","50.86","true","50.738049","3.072109","50.731693","3.070572","182","165","1040","","4.6","2.2","","","","","","","","","",""
"2021-03-28T17:07:02+02:00","2021-03-28T17:56:02+02:00","6516328606","Linselles Course","","Linselles","Europe/Paris","+02:00","00:49:00","00:49:00","00:48:52","Any Activity Type","Running","Uncategorized","Forerunner 245 6.20.0.0","","private","fit","8.86695","10.857600116729737","05:32","10.887337625103033","05:31","12.93120002746582","04:38","66.55","66.74","21.0","49.19","true","50.737483","3.072340","50.742718","3.062872","186","171","645","44.0","4.8","0.2","149.58","158.0","121.02","7304","","","","","",""
"2021-03-27T10:08:27+01:00","2021-03-27T11:19:10+01:00","6516327147","Linselles Cyclisme","","Linselles","Europe/Paris","+01:00","01:10:43","01:10:43","01:10:15","Any Activity Type","Cycling","Uncategorized","Forerunner 245 6.20.0.0","","private","fit","30.20192","25.62839984893799","25.6","25.79286577997122","25.8","49.680000686645506","49.7","344.56","341.81","19.1","59.71","true","50.737215","3.071984","50.764764","3.053681","185","162","814","","4.2","2.6","","","","","","","","","",""
"2021-03-24T16:34:11+01:00","2021-03-24T17:49:58+01:00","6484874636","Linselles Cyclisme","","Linselles","Europe/Paris","+01:00","01:15:47","01:15:47","01:15:38","Any Activity Type","Cycling","Uncategorized","Forerunner 245 6.20.0.0","","private","fit","33.42215","26.45999965667725","26.5","26.515641976692738","26.5","52.67159843444824","52.7","382.83","376.74","19.08","59.81","true","50.737315","3.071898","50.764694","3.053667","187","164","881","","4.4","3.5","","","","","","","","","",""
"2021-03-21T10:35:51+01:00","2021-03-21T11:45:14+01:00","6465550284","Linselles Cyclisme","","Linselles","Europe/Paris","+01:00","01:09:23","01:09:23","01:09:22","Any Activity Type","Cycling","Uncategorized","Forerunner 245 6.20.0.0","","private","fit","29.64379","25.639200782775884","25.6","25.64352084883565","25.6","48.10320167541504","48.1","325.6","320.03","19.0","57.99","true","50.737274","3.072049","50.764853","3.053694","189","162","812","","4.2","3.0","","","","","","","","","",""
"2021-03-20T10:37:15+01:00","2021-03-20T11:17:26+01:00","6459373335","Linselles Course","","Linselles","Europe/Paris","+01:00","00:40:11","00:40:11","00:39:48","Any Activity Type","Running","Uncategorized","Forerunner 245 6.20.0.0","","private","fit","6.72851","10.0439998626709","05:58","10.14324834268641","05:55","12.36240005493164","04:51","35.27","32.09","16.84","49.52","true","50.737373","3.072020","50.735961","3.059575","189","174","533","44.0","4.5","0.9","144.44","159.0","115.78","5808","","","","","",""
"2021-03-14T15:32:42+01:00","2021-03-14T16:03:54+01:00","6439722418","Linselles Course","","Linselles","Europe/Paris","+01:00","00:31:12","00:31:12","00:31:10","Any Activity Type","Running","Uncategorized","Forerunner 245 6.20.0.0","","private","fit","5.70804","10.972800350189209","05:28","10.98768832479527","05:28","12.023999691009521","04:59","24.9","27.46","21.0","41.01","true","50.737635","3.071991","50.742601","3.062456","188","172","415","44.0","4.1","1.1","149.44","157.0","122.41","4644","","","","","",""
"2021-03-06T15:50:03+01:00","2021-03-06T16:51:45+01:00","6384191007","Linselles Cyclisme","","Linselles","Europe/Paris","+01:00","01:01:42","01:01:42","01:01:41","Any Activity Type","Cycling","Uncategorized","Forerunner 245 6.20.0.0","","private","fit","26.36614","25.642800521850585","25.6","25.648530212585477","25.6","53.13959884643555","53.1","280.49","274.15","19.0","57.99","true","50.737363","3.071958","50.764770","3.053679","184","153","626","","3.5","2.7","","","","","","","","","",""
"2021-03-03T15:47:03+01:00","2021-03-03T16:51:24+01:00","6367331838","Linselles Cyclisme","","Linselles","Europe/Paris","+01:00","01:04:21","01:04:21","01:04:19","Any Activity Type","Cycling","Uncategorized","Forerunner 245 6.20.0.0","","private","fit","30.69222","28.619999313354494","28.6","28.632924830485273","28.6","46.01879997253419","46.0","179.17","167.0","19.21","50.66","true","50.737308","3.072021","50.731482","3.069985","180","167","816","","4.6","1.3","","","","","","","","","",""
"2021-02-28T10:24:14+01:00","2021-02-28T11:36:12+01:00","6357368229","Linselles Cyclisme","","Linselles","Europe/Paris","+01:00","01:11:58","01:11:58","01:11:39","Any Activity Type","Cycling","Uncategorized","Forerunner 245 6.20.0.0","","private","fit","30.19822","25.17480010986328","25.2","25.288682751963076","25.3","49.20839881896973","49.2","326.27","325.77","19.12","59.59","true","50.737211","3.071605","50.764663","3.053647","188","167","869","","4.4","3.1","","","","","","","","","",""
"2021-02-27T15:42:16+01:00","2021-02-27T17:00:52+01:00","6357364131","Linselles Cyclisme","","Linselles","Europe/Paris","+01:00","01:18:36","01:18:36","01:18:28","Any Activity Type","Cycling","Uncategorized","Forerunner 245 6.20.0.0","","private","fit","28.54927","21.79079990386963","21.8","21.83100290616439","21.8","53.34120140075684","53.3","188.01","164.6","19.16","50.97","true","50.740378","3.060833","50.719284","3.063946","182","127","498","","2.8","2.0","","","","","","","","","",""
"2021-02-21T10:19:11+01:00","2021-02-21T11:30:20+01:00","6307018864","Wervicq-Sud Cyclisme","","Wervicq-Sud","Europe/Paris","+01:00","01:11:09","01:11:09","01:11:06","Any Activity Type","Cycling","Uncategorized","Forerunner 245 6.20.0.0","","private","fit","28.75507","24.249600219726563","24.2","24.26737265758372","24.3","53.40960159301758","53.4","334.41","318.37","19.0","57.96","true","50.745638","3.059604","50.759419","3.047930","182","157","790","","3.8","2.3","","","","","","","","","",""
"2021-02-20T16:19:12+01:00","2021-02-20T16:57:15+01:00","6303101506","Linselles Course","","Linselles","Europe/Paris","+01:00","00:38:03","00:38:03","00:37:59","Any Activity Type","Running","Uncategorized","Forerunner 245 6.20.0.0","","private","fit","6.67717","10.526400089263916","05:42","10.549178463712558","05:41","11.923200130462646","05:02","31.27","34.32","16.92","37.38","true","50.737396","3.071842","50.735912","3.059409","187","173","505","44.0","4.5","","148.16","159.0","118.39","5620","","","","","",""
"2021-02-17T16:57:26+01:00","2021-02-17T17:30:55+01:00","6287338333","Linselles Course","","Linselles","Europe/Paris","+01:00","00:33:29","00:33:29","00:33:24","Any Activity Type","Running","Uncategorized","Forerunner 245 5.50.0.0","","private","fit","5.73639","10.278000068664552","05:50","10.30329347311565","05:49","15.6204008102417","03:50","25.19","27.18","21.0","41.52","true","50.737557","3.071958","50.742731","3.062690","185","169","425","44.0","3.9","2.4","141.78","220.0","120.93","4748","","","","","",""
"2021-02-13T11:19:11+01:00","2021-02-13T11:52:37+01:00","6264166477","Linselles Course","","Linselles","Europe/Paris","+01:00","00:33:26","00:33:26","00:33:19","Any Activity Type","Running","Uncategorized","Forerunner 245 5.50.0.0","","private","fit","5.81895","10.440000343322753","05:45","10.479565047041088","05:44","12.225599670410157","04:54","37.55","38.2","21.0","49.38","true","50.737344","3.071987","50.742615","3.062649","186","171","432","43.0","4.1","0.5","146.5","156.0","118.81","4896","","","","","",""
"2021-02-11T10:17:59+01:00","2021-02-11T10:52:19+01:00","6254208633","Linselles Course","","Linselles","Europe/Paris","+01:00","00:34:20","00:34:20","00:34:19","Any Activity Type","Running","Uncategorized","Forerunner 245 5.50.0.0","","private","fit","5.83750","10.202400398254396","05:53","10.205761497403318","05:53","11.721600151062011","05:07","37.74","33.67","21.0","49.21","true","50.737264","3.071752","50.742555","3.062495","187","177","460","43.0","4.4","0.3","146.23","153.0","116.32","5016","","","","","",""
"2021-02-05T10:09:29+01:00","2021-02-05T10:44:44+01:00","6222398336","Linselles Course","","Linselles","Europe/Paris","+01:00","00:35:15","00:35:15","00:35:13","Any Activity Type","Running","Uncategorized","Forerunner 245 5.50.0.0","","private","fit","5.74588","9.777600288391113","06:08","9.789959996895806","06:08","11.689199924468994","05:08","23.95","27.77","21.0","41.0","true","50.737238","3.071880","50.744074","3.068905","185","171","455","44.0","3.9","2.1","142.33","198.0","114.51","5016","","","","","",""
"2021-02-02T10:35:08+01:00","2021-02-02T11:08:26+01:00","6206249891","Linselles Course","","Linselles","Europe/Paris","+01:00","00:33:18","00:33:18","00:33:12","Any Activity Type","Running","Uncategorized","Forerunner 245 5.50.0.0","","private","fit","5.74129","10.342799663543701","05:48","10.373992111037522","05:47","12.427199649810794","04:50","20.14","23.84","20.67","38.0","true","50.737322","3.072003","50.742582","3.062737","188","175","446","44.0","4.1","0.4","146.39","159.0","117.76","4850","","","","","",""
"2021-01-31T11:00:52+01:00","2021-01-31T11:34:14+01:00","6196817040","Wervicq-Sud Course","","Wervicq-Sud","Europe/Paris","+01:00","00:32:44","00:33:22","00:32:42","Any Activity Type","Running","Uncategorized","Forerunner 245 5.50.0.0","","private","fit","5.53104","10.141199684143066","05:55","10.148226456489217","05:55","12.394800281524658","04:50","23.24","14.12","21.69","41.17","true","50.747554","3.060623","50.749877","3.064989","187","178","455","44.0","4.4","0.4","147.64","156.0","114.45","4820","","","","","",""
"2021-01-25T16:34:30+01:00","2021-01-25T17:06:36+01:00","6196814355","Linselles Course","","Linselles","Europe/Paris","+01:00","00:32:06","00:32:06","00:32:02","Any Activity Type","Running","Uncategorized","Forerunner 245 5.50.0.0","","private","fit","5.62517","10.515600013732909","05:42","10.538521352355076","05:42","11.959200096130372","05:01","33.9","24.97","17.6","41.0","true","50.740510","3.070045","50.742685","3.062030","188","179","454","45.0","4.3","0.6","147.22","159.0","119.03","4722","","","","","",""
"2021-01-22T16:39:41+01:00","2021-01-22T17:12:02+01:00","6196811113","Bousbecque Course","","Bousbecque","Europe/Paris","+01:00","00:31:59","00:32:21","00:31:55","Any Activity Type","Running","Uncategorized","Forerunner 245 5.50.0.0","","private","fit","5.25431","9.856799697875976","06:05","9.878714873148223","06:04","12.394800281524658","04:50","20.44","17.94","23.06","41.0","true","50.753643","3.069976","50.750327","3.073754","193","177","452","45.0","4.4","0.5","148.34","157.0","110.69","4738","","","","","",""
"2021-01-14T23:09:46+01:00","2021-01-15T00:04:51+01:00","6196808890","Bousbecque Course","","Bousbecque","Europe/Paris","+01:00","00:55:05","00:55:05","00:55:04","Any Activity Type","Running","Uncategorized","Forerunner 245 5.50.0.0","","private","fit","8.53706","9.298799800872802","06:27","9.302542541253032","06:27","11.959200096130372","05:01","25.98","38.78","22.98","45.99","true","50.760659","3.060609","50.763832","3.063759","188","177","758","46.0","4.8","1.5","145.53","156.0","106.46","7992","","","","","",""
"2021-01-12T16:35:43+01:00","2021-01-12T17:08:18+01:00","6196804851","Bousbecque Course","","Bousbecque","Europe/Paris","+01:00","00:31:56","00:32:35","00:31:50","Any Activity Type","Running","Uncategorized","Forerunner 245 5.50.0.0","","private","fit","5.34518","10.040400123596191","05:59","10.072581050139428","05:57","13.43520040512085","04:28","20.42","16.42","23.0","41.0","true","50.751043","3.065446","50.751681","3.064862","188","168","428","46.0","4.1","0.7","148.33","158.0","112.75","4724","","","","","",""
"2021-01-10T11:20:33+01:00","2021-01-10T11:53:48+01:00","6196801827","Linselles Course","","Linselles","Europe/Paris","+01:00","00:33:15","00:33:15","00:33:15","Any Activity Type","Running","Uncategorized","Forerunner 245 5.50.0.0","","private","fit","5.62297","10.144800281524658","05:55","10.148325795084014","05:55","12.866399574279788","04:40","33.1","24.99","21.0","49.49","true","50.740755","3.068996","50.742544","3.061892","187","177","475","46.0","4.4","0.1","147.92","155.0","114.32","4904","","","","","",""
"2021-01-07T16:35:56+01:00","2021-01-07T17:07:27+01:00","6196798529","Bousbecque Course","","Bousbecque","Europe/Paris","+01:00","00:31:31","00:31:31","00:31:29","Any Activity Type","Running","Uncategorized","Forerunner 245 5.50.0.0","","private","fit","5.58874","10.64160032272339","05:38","10.650144613627024","05:38","15.080400466918945","03:59","17.42","11.69","24.87","37.64","true","50.751276","3.065160","50.753796","3.069780","187","176","451","46.0","4.4","0.9","148.69","217.0","119.3","4664","","","","","",""
"2020-12-31T15:42:02+01:00","2020-12-31T16:14:55+01:00","6196796122","Linselles Course","","Linselles","Europe/Paris","+01:00","00:32:53","00:32:53","00:32:48","Any Activity Type","Running","Uncategorized","Forerunner 245 5.50.0.0","","private","fit","5.78897","10.558800315856933","05:41","10.5887133520538","05:40","12.193200302124025","04:55","35.28","31.7","21.0","49.3","true","50.737375","3.071928","50.742637","3.062631","191","177","481","47.0","4.4","0.2","148.17","157.0","118.81","4878","","","","","",""
"2020-12-29T11:17:52+01:00","2020-12-29T12:09:49+01:00","6021783204","Bousbecque Course","","Bousbecque","Europe/Paris","+01:00","00:50:49","00:51:57","00:46:59","Any Activity Type","Running","Uncategorized","Forerunner 245 5.30.0.0","","private","fit","7.07637","8.355600357055664","07:11","9.035471058737427","06:38","16.18920078277588","03:42","38.98","37.95","23.25","36.0","true","50.750628","3.071522","50.748658","3.071472","195","162","616","47.0","4.4","3.8","129.75","215.0","105.73","6766","","","","","",""
"2020-12-20T10:55:12+01:00","2020-12-20T11:50:10+01:00","6021780266","Bousbecque Course","","Bousbecque","Europe/Paris","+01:00","00:54:58","00:54:58","00:54:52","Any Activity Type","Running","Uncategorized","Forerunner 245 5.30.0.0","","private","fit","8.88004","9.691199684143067","06:11","9.709683957122685","06:11","13.10039978027344","04:35","58.14","44.39","21.04","49.43","true","50.753016","3.065525","50.756287","3.062832","184","174","778","47.0","5.0","1.4","146.69","159.0","110.11","8062","","","","","",""
"2020-12-19T15:44:13+01:00","2020-12-19T16:16:22+01:00","6021777558","Bousbecque Course","","Bousbecque","Europe/Paris","+01:00","00:32:09","00:32:09","00:32:08","Any Activity Type","Running","Uncategorized","Forerunner 245 5.30.0.0","","private","fit","5.49962","10.263600254058838","05:51","10.270651607260591","05:51","13.806000137329102","04:21","24.81","16.27","27.09","49.83","true","50.753741","3.068362","50.751599","3.070865","189","174","464","48.0","4.6","1.0","149.42","158.0","114.44","4792","","","","","",""
"2020-12-13T15:43:07+01:00","2020-12-13T16:16:15+01:00","6021775810","Bousbecque Course","","Bousbecque","Europe/Paris","+01:00","00:33:08","00:33:08","00:33:06","Any Activity Type","Running","Uncategorized","Forerunner 245 5.30.0.0","","private","fit","5.68969","10.299600219726562","05:50","10.311918577429559","05:49","13.132800006866455","04:34","24.02","16.04","25.25","49.35","true","50.753758","3.068478","50.751554","3.070821","190","176","487","48.0","4.9","0.9","150.73","159.0","113.89","4968","","","","","",""
"2020-12-06T11:38:53+01:00","2020-12-06T12:35:18+01:00","6021774042","Bousbecque Course","","Bousbecque","Europe/Paris","+01:00","00:56:25","00:56:25","00:56:19","Any Activity Type","Running","Uncategorized","Forerunner 245 5.30.0.0","","private","fit","8.67469","9.226799869537354","06:30","9.240859957192754","06:30","14.979599189758302","04:00","52.77","45.12","23.34","45.69","true","50.755020","3.064568","50.757549","3.061140","188","176","801","48.0","5.0","2.1","144.12","198.0","106.58","8126","","","","","",""
"2020-11-28T15:40:51+01:00","2020-11-28T16:32:38+01:00","6021771233","Wervicq-Sud Course","","Wervicq-Sud","Europe/Paris","+01:00","00:51:47","00:51:47","00:51:45","Any Activity Type","Running","Uncategorized","Forerunner 245 5.30.0.0","","private","fit","8.75267","10.141199684143066","05:55","10.147588349247542","05:55","13.636800384521484","04:24","60.17","44.72","21.27","49.8","true","50.747424","3.060324","50.749031","3.064586","188","176","760","48.0","5.0","1.4","149.12","159.0","113.34","7704","","","","","",""
"2020-11-21T11:21:27+01:00","2020-11-21T11:46:33+01:00","6021768326","Linselles Course","","Linselles","Europe/Paris","+01:00","00:25:06","00:25:06","00:25:04","Any Activity Type","Running","Uncategorized","Forerunner 245 5.30.0.0","","private","fit","4.40379","10.526400089263916","05:42","10.538204972742104","05:42","14.040000343322754","04:16","70.77","58.03","21.55","66.2","true","50.742520","3.063435","50.746438","3.073537","184","173","365","48.0","3.7","0.1","151.34","165.0","115.92","3780","","","","","",""
"2020-11-18T11:25:52+01:00","2020-11-18T11:43:21+01:00","6021766761","Linselles Course","","Linselles","Europe/Paris","+01:00","00:17:29","00:17:29","00:16:52","Any Activity Type","Running","Uncategorized","Forerunner 245 5.30.0.0","","private","fit","2.83799","9.741600322723388","06:10","10.09906949280477","05:56","13.57199993133545","04:25","29.2","15.53","5.2","34.4","true","50.741608","3.060937","50.742460","3.062975","182","164","242","","3.1","1.3","141.86","157.0","114.38","2470","","","","","",""
"2020-11-14T16:32:59+01:00","2020-11-14T16:56:54+01:00","6021765670","Linselles Course","","Linselles","Europe/Paris","+01:00","00:23:55","00:23:55","00:23:54","Any Activity Type","Running","Uncategorized","Forerunner 245 5.30.0.0","","private","fit","4.61550","11.58120002746582","05:11","11.587344437522116","05:11","14.342399883270266","04:11","32.81","28.62","21.0","49.93","true","50.737332","3.071917","50.735919","3.059497","187","172","350","48.0","3.6","","154.14","201.0","125.17","3664","","","","","",""
"2020-11-11T11:21:39+01:00","2020-11-11T11:54:25+01:00","6021763469","Linselles Course","","Linselles","Europe/Paris","+01:00","00:32:46","00:32:46","00:32:46","Any Activity Type","Running","Uncategorized","Forerunner 245 5.30.0.0","","private","fit","5.89420","10.792799663543702","05:34","10.792498604426608","05:34","12.866399574279788","04:40","18.33","21.91","20.75","34.54","true","50.737324","3.072012","50.735966","3.059533","182","169","471","48.0","3.8","","150.8","159.0","119.3","4924","","","","","",""
"2020-11-09T16:28:25+01:00","2020-11-09T17:01:52+01:00","5805146670","Linselles Course","","Linselles","Europe/Paris","+01:00","00:33:27","00:33:27","00:33:27","Any Activity Type","Running","Uncategorized","Forerunner 245 5.30.0.0","","private","fit","5.80654","10.41479959487915","05:46","10.417560836133534","05:46","15.922799491882325","03:46","17.15","9.92","20.0","31.64","true","50.738998","3.060006","50.742088","3.063847","182","168","475","49.0","3.8","0.4","149.03","211.0","116.44","4958","","","","","",""
"2020-11-07T11:33:55+01:00","2020-11-07T12:00:11+01:00","5805145014","Linselles Course","","Linselles","Europe/Paris","+01:00","00:26:16","00:26:16","00:26:16","Any Activity Type","Running","Uncategorized","Forerunner 245 5.30.0.0","","private","fit","4.54783","10.385999965667724","05:47","10.391596085785448","05:46","14.378399848937988","04:10","30.35","20.15","20.0","45.85","true","50.735986","3.061291","50.735941","3.058415","183","170","379","49.0","3.5","0.5","148.23","157.0","116.63","3872","","","","","",""
"2020-11-03T16:30:57+01:00","2020-11-03T16:54:28+01:00","5805143281","Linselles Course","","Linselles","Europe/Paris","+01:00","00:23:31","00:23:31","00:23:29","Any Activity Type","Running","Uncategorized","Forerunner 245 5.30.0.0","","private","fit","4.53131","11.563199615478515","05:11","11.574326023271075","05:11","13.370399951934814","04:29","20.56","24.64","20.0","35.75","true","50.737438","3.071967","50.736046","3.059631","184","168","336","49.0","3.5","","154.47","188.0","124.76","3632","","","","","",""
"2020-10-31T11:12:07+01:00","2020-10-31T11:45:17+01:00","5805141620","Linselles Course","","Linselles","Europe/Paris","+01:00","00:33:10","00:33:10","00:33:08","Any Activity Type","Running","Uncategorized","Forerunner 245 5.30.0.0","","private","fit","5.88873","10.652400398254395","05:38","10.662907670230252","05:38","13.370399951934814","04:29","18.44","19.99","20.0","32.21","true","50.737302","3.071993","50.735951","3.059576","179","170","475","49.0","3.8","0.3","149.02","221.0","119.04","4936","","","","","",""
"2020-10-27T16:38:42+01:00","2020-10-27T17:01:40+01:00","5741718259","Linselles Course","","Linselles","Europe/Paris","+01:00","00:22:58","00:22:58","00:22:55","Any Activity Type","Running","Uncategorized","Forerunner 245 5.0.0.0","","private","fit","4.51581","11.797199821472168","05:05","11.819438205375882","05:05","13.233600425720217","04:32","20.69","24.76","20.0","35.85","true","50.737328","3.072021","50.735955","3.059608","182","167","325","49.0","3.4","0.4","155.3","161.0","126.63","3568","","","","","",""
"2020-10-25T16:59:26+01:00","2020-10-25T17:31:58+01:00","5727620409","Linselles Course","","Linselles","Europe/Paris","+01:00","00:32:32","00:32:32","00:32:31","Any Activity Type","Running","Uncategorized","Forerunner 245 5.0.0.0","","private","fit","6.28856","11.595599842071534","05:10","11.605090673579182","05:10","12.765600013732913","04:42","22.58","23.42","20.0","37.71","true","50.737347","3.071989","50.736024","3.059579","181","171","474","49.0","4.0","","154.62","161.0","125.0","5018","","","","","",""
"2020-10-22T17:17:49+02:00","2020-10-22T18:06:08+02:00","5722744744","Bousbecque Course","","Bousbecque","Europe/Paris","+02:00","00:48:19","00:48:19","00:48:17","Any Activity Type","Running","Uncategorized","Forerunner 245 5.0.0.0","","private","fit","8.83683","10.972800350189209","05:28","10.981358112560716","05:28","14.410799217224122","04:10","20.26","79.2","25.08","86.8","true","50.764247","3.063007","50.764247","3.063007","178","169","695","49.0","4.4","","153.62","159.0","119.05","7372","","","","","",""
"2020-10-19T17:26:54+02:00","2020-10-19T18:11:34+02:00","5722743143","Linselles Course","","Linselles","Europe/Paris","+02:00","00:44:40","00:44:40","00:44:38","Any Activity Type","Running","Uncategorized","Forerunner 245 5.0.0.0","","private","fit","8.24052","11.070000171661377","05:25","11.078287541373864","05:25","13.10039978027344","04:35","17.26","19.01","15.56","35.74","true","50.737137","3.069667","50.735780","3.059141","181","171","658","49.0","4.3","","153.83","160.0","119.94","6858","","","","","",""
"2020-10-17T17:23:38+02:00","2020-10-17T17:58:18+02:00","5722741241","Linselles Course","","Linselles","Europe/Paris","+02:00","00:34:31","00:34:40","00:34:23","Any Activity Type","Running","Uncategorized","Forerunner 245 5.0.0.0","","private","fit","6.45163","11.214000034332278","05:21","11.256955086010334","05:20","12.463199615478516","04:49","29.69","17.97","21.43","46.04","true","50.742345","3.061646","50.743499","3.061437","182","169","506","49.0","3.9","0.2","152.2","159.0","122.85","5244","","","","","",""
"2020-10-14T17:24:39+02:00","2020-10-14T17:49:30+02:00","5722739911","Linselles Course","","Linselles","Europe/Paris","+02:00","00:24:51","00:24:51","00:24:50","Any Activity Type","Running","Uncategorized","Forerunner 245 5.0.0.0","","private","fit","4.60708","11.127600288391113","05:24","11.13022905847354","05:23","12.394800281524658","04:50","25.62","24.74","20.0","45.86","true","50.737314","3.072073","50.736016","3.059580","183","172","373","50.0","3.5","","153.17","158.0","121.09","3790","","","","","",""
"2020-10-11T16:06:03+02:00","2020-10-11T16:40:54+02:00","5722738749","Linselles Course","","Linselles","Europe/Paris","+02:00","00:34:51","00:34:51","00:34:46","Any Activity Type","Running","Uncategorized","Forerunner 245 5.0.0.0","","private","fit","6.46757","11.13479976654053","05:23","11.159512472090817","05:23","12.798000240325928","04:41","31.9","32.79","20.0","45.92","true","50.737293","3.071970","50.735962","3.059521","176","164","498","50.0","3.6","","154.05","161.0","120.47","5346","","","","","",""
"2020-10-10T15:49:28+02:00","2020-10-10T16:08:15+02:00","5722737205","Linselles Course","","Linselles","Europe/Paris","+02:00","00:18:35","00:18:47","00:18:34","Any Activity Type","Running","Uncategorized","Forerunner 245 5.0.0.0","","private","fit","3.48967","11.264399814605715","05:20","11.272575216547422","05:19","11.923200130462646","05:02","12.63","1.19","16.04","32.07","true","50.735505","3.051230","50.738763","3.047226","178","171","279","50.0","3.1","","154.31","161.0","121.65","2864","","","","","",""
"2020-10-04T16:47:48+02:00","2020-10-04T17:36:12+02:00","5631565550","Linselles Course","","Linselles","Europe/Paris","+02:00","00:48:24","00:48:24","00:48:21","Any Activity Type","Running","Uncategorized","Forerunner 245 5.0.0.0","","private","fit","8.85587","10.979999828338626","05:28","10.991318396125399","05:28","14.076000308990478","04:16","57.33","54.71","20.66","45.99","true","50.737358","3.071998","50.742656","3.062682","178","163","686","50.0","3.9","","153.72","165.0","119.03","7408","","","","","",""
"2020-10-03T17:19:26+02:00","2020-10-03T17:57:56+02:00","5627382763","Linselles Course","","Linselles","Europe/Paris","+02:00","00:38:30","00:38:30","00:38:28","Any Activity Type","Running","Uncategorized","Forerunner 245 5.0.0.0","","private","fit","7.20876","11.231999588012696","05:21","11.24297271487889","05:20","13.906799697875977","04:19","33.51","30.82","16.01","46.1","true","50.737268","3.071851","50.735984","3.059355","182","167","561","50.0","3.8","","154.17","163.0","121.41","5912","","","","","",""
"2020-10-01T17:13:05+02:00","2020-10-01T17:36:54+02:00","5627381063","Linselles Course","","Linselles","Europe/Paris","+02:00","00:23:49","00:23:49","00:23:45","Any Activity Type","Running","Uncategorized","Forerunner 245 5.0.0.0","","private","fit","4.72805","11.912400054931643","05:02","11.948286599863303","05:01","13.874400329589845","04:19","6.04","16.02","16.0","32.16","true","50.737322","3.071999","50.735908","3.059539","180","163","335","50.0","3.2","","155.64","163.0","127.57","3726","","","","","",""
"2020-09-29T17:22:46+02:00","2020-09-29T18:23:38+02:00","5627379175","Linselles Course","","Linselles","Europe/Paris","+02:00","01:00:52","01:00:52","01:00:49","Any Activity Type","Running","Uncategorized","Forerunner 245 5.0.0.0","","private","fit","10.69342","10.540799903869628","05:42","10.548642740456037","05:41","12.2939998626709","04:53","48.24","51.35","15.54","57.84","true","50.737298","3.071786","50.735929","3.059404","180","166","870","50.0","4.3","","153.41","160.0","114.53","9284","","","","","",""
"2020-09-27T16:48:56+02:00","2020-09-27T17:37:53+02:00","5599470365","Linselles Course","","Linselles","Europe/Paris","+02:00","00:48:57","00:48:57","00:48:55","Any Activity Type","Running","Uncategorized","Forerunner 245 5.0.0.0","","private","fit","8.88536","10.890000343322754","05:31","10.899849424060916","05:30","13.031999588012695","04:36","57.03","55.47","20.65","46.21","true","50.737376","3.072030","50.742613","3.062626","179","166","705","50.0","4.0","","154.16","163.0","117.72","7516","","","","","",""
"2020-09-26T18:41:57+02:00","2020-09-26T19:06:33+02:00","5594867908","Linselles Course","","Linselles","Europe/Paris","+02:00","00:24:36","00:24:36","00:24:35","Any Activity Type","Running","Uncategorized","Forerunner 245 5.0.0.0","","private","fit","5.00773","12.218400192260743","04:55","12.223134476286608","04:55","14.040000343322754","04:16","5.7","16.18","15.55","32.24","true","50.737314","3.072023","50.735943","3.059551","185","169","359","50.0","3.3","0.1","158.47","167.0","128.48","3888","","","","","",""
"2020-09-24T17:14:22+02:00","2020-09-24T18:02:56+02:00","5585683827","Linselles Course","","Linselles","Europe/Paris","+02:00","00:48:34","00:48:34","00:48:31","Any Activity Type","Running","Uncategorized","Forerunner 245 5.0.0.0","","private","fit","8.87534","10.962000274658203","05:28","10.976071461429955","05:28","13.031999588012695","04:36","58.13","55.05","20.75","45.63","true","50.737228","3.072068","50.742574","3.062699","178","165","694","49.0","3.9","","153.33","165.0","119.36","7430","","","","","",""
"2020-09-22T17:05:29+02:00","2020-09-22T17:40:23+02:00","5575882843","Linselles Course","","Linselles","Europe/Paris","+02:00","00:34:40","00:34:54","00:34:34","Any Activity Type","Running","Uncategorized","Forerunner 245 5.0.0.0","","private","fit","6.31416","10.929600048065188","05:29","10.959567868092146","05:28","12.765600013732913","04:42","39.02","39.79","23.14","48.7","true","50.737195","3.071971","50.730059","3.080433","176","161","485","50.0","3.5","","152.66","161.0","119.3","5264","","","","","",""
"2020-09-21T17:57:02+02:00","2020-09-21T18:34:04+02:00","5571220317","Linselles Course","","Linselles","Europe/Paris","+02:00","00:37:02","00:37:02","00:37:00","Any Activity Type","Running","Uncategorized","Forerunner 245 5.0.0.0","","private","fit","6.65185","10.778399848937989","05:34","10.785137074752308","05:34","12.394800281524658","04:50","23.74","28.16","16.02","35.82","true","50.737313","3.071966","50.735952","3.059458","175","162","519","49.0","3.6","","153.02","163.0","117.4","5638","","","","","",""
"2020-09-20T10:05:16+02:00","2020-09-20T12:07:17+02:00","5564314245","Linselles Cyclisme","","Linselles","Europe/Paris","+02:00","02:02:01","02:02:01","02:01:57","Any Activity Type","Cycling","Uncategorized","Forerunner 245 5.0.0.0","","private","fit","59.60802","29.314798736572268","29.3","29.328589454067618","29.3","53.74439964294434","53.7","550.08","547.09","18.42","57.97","true","50.737448","3.072041","50.764607","3.053637","174","156","1405","","4.0","1.6","","","","","","","","","",""
"2020-09-19T15:52:46+02:00","2020-09-19T16:31:53+02:00","5560444461","Linselles Course","","Linselles","Europe/Paris","+02:00","00:39:07","00:39:07","00:39:05","Any Activity Type","Running","Uncategorized","Forerunner 245 5.0.0.0","","private","fit","6.71559","10.299600219726562","05:50","10.309269515023516","05:49","13.10039978027344","04:35","33.76","34.07","16.04","46.43","true","50.737279","3.072049","50.735915","3.059583","177","163","552","49.0","3.6","","150.59","157.0","114.03","5862","","","","","",""
"2020-09-17T17:01:36+02:00","2020-09-17T17:41:02+02:00","5551098268","Linselles Course","","Linselles","Europe/Paris","+02:00","00:39:26","00:39:26","00:39:24","Any Activity Type","Running","Uncategorized","Forerunner 245 5.0.0.0","","private","fit","6.71549","10.216800212860107","05:52","10.225895095591335","05:52","12.729600048065185","04:43","35.14","34.84","16.0","46.02","true","50.737487","3.072042","50.736053","3.059643","176","162","550","50.0","3.6","","149.38","161.0","114.01","5880","","","","","",""
"2020-09-16T17:47:29+02:00","2020-09-16T19:04:27+02:00","5546686037","Linselles Cyclisme","","Linselles","Europe/Paris","+02:00","01:16:58","01:16:58","01:16:56","Any Activity Type","Cycling","Uncategorized","Forerunner 245 5.0.0.0","","private","fit","38.42486","29.955600357055665","30.0","29.9642272180396","30.0","50.55480079650879","50.6","200.79","178.56","18.41","48.67","true","50.723305","3.068695","50.722969","3.067994","175","160","996","","3.9","1.5","","","","","","","","","",""
"2020-09-13T10:31:33+02:00","2020-09-13T11:54:54+02:00","5529403412","Wervicq-Sud Cyclisme","","Wervicq-Sud","Europe/Paris","+02:00","01:23:21","01:23:21","01:23:19","Any Activity Type","Cycling","Uncategorized","Forerunner 245 5.0.0.0","","private","fit","37.38331","26.909999656677247","26.9","26.92184570765523","26.9","52.06680107116699","52.1","456.34","454.75","19.01","58.0","true","50.756623","3.049415","50.764864","3.047601","178","152","942","","3.5","2.1","","","","","","","","","",""
"2020-09-12T16:39:08+02:00","2020-09-12T17:06:32+02:00","5526124542","Linselles Course","","Linselles","Europe/Paris","+02:00","00:27:24","00:27:24","00:27:21","Any Activity Type","Running","Uncategorized","Forerunner 245 5.0.0.0","","private","fit","5.13281","11.235600185394288","05:20","11.257273404696779","05:20","12.160800075531006","04:56","10.46","14.48","16.01","32.24","true","50.737320","3.072033","50.735987","3.059605","179","167","399","50.0","3.4","","153.61","159.0","121.94","4206","","","","","",""
"2020-09-11T17:05:23+02:00","2020-09-11T17:36:34+02:00","5526122405","Linselles Course","","Linselles","Europe/Paris","+02:00","00:31:11","00:31:11","00:31:08","Any Activity Type","Running","Uncategorized","Forerunner 245 5.0.0.0","","private","fit","5.59729","10.771200370788575","05:34","10.785330734138068","05:34","12.798000240325928","04:41","29.35","28.69","20.59","46.21","true","50.737796","3.072161","50.742650","3.062046","181","165","448","50.0","3.5","","149.7","161.0","119.9","4654","","","","","",""
"2020-09-09T18:09:59+02:00","2020-09-09T19:14:12+02:00","5526119984","Linselles Cyclisme","","Linselles","Europe/Paris","+02:00","01:04:13","01:04:13","01:04:10","Any Activity Type","Cycling","Uncategorized","Forerunner 245 5.0.0.0","","private","fit","30.16586","28.184399986267092","28.2","28.203506584220595","28.2","50.72039909362794","50.7","322.95","317.9","19.02","57.97","true","50.737325","3.071869","50.764636","3.053669","181","150","772","","3.5","1.4","","","","","","","","","",""
"2020-09-08T17:46:04+02:00","2020-09-08T18:26:07+02:00","5526115251","Linselles Course","","Linselles","Europe/Paris","+02:00","00:40:03","00:40:03","00:39:51","Any Activity Type","Running","Uncategorized","Forerunner 245 5.0.0.0","","private","fit","7.23274","10.832400226593018","05:32","10.889678986355381","05:31","15.01560001373291","04:00","28.99","24.6","16.72","48.74","true","50.737285","3.071953","50.735897","3.059527","181","165","567","50.0","3.7","0.9","150.62","207.0","120.06","6024","","","","","",""
"2020-09-06T10:11:16+02:00","2020-09-06T11:15:39+02:00","5526112154","Linselles Cyclisme","","Linselles","Europe/Paris","+02:00","01:04:23","01:04:23","01:04:13","Any Activity Type","Cycling","Uncategorized","Forerunner 245 5.0.0.0","","private","fit","30.19253","28.13759994506836","28.1","28.20664784563374","28.2","53.13959884643555","53.1","334.06","333.91","19.01","57.97","true","50.737265","3.072044","50.764691","3.053648","176","157","814","","3.6","2.1","","","","","","","","","",""
"2020-09-05T16:23:01+02:00","2020-09-05T17:01:26+02:00","5526107594","Linselles Course","","Linselles","Europe/Paris","+02:00","00:38:25","00:38:25","00:38:19","Any Activity Type","Running","Uncategorized","Forerunner 245 5.0.0.0","","private","fit","6.65923","10.400399780273437","05:46","10.426098325206144","05:45","13.370399951934814","04:29","27.41","22.99","17.02","48.84","true","50.737334","3.071999","50.735959","3.059562","175","160","535","50.0","3.6","","148.73","159.0","116.5","5694","","","","","",""
"2020-09-04T17:27:23+02:00","2020-09-04T18:36:54+02:00","5486701865","Linselles Cyclisme","","Linselles","Europe/Paris","+02:00","01:09:31","01:09:31","01:08:54","Any Activity Type","Cycling","Uncategorized","Forerunner 245 5.0.0.0","","private","fit","28.90655","24.947999382019045","24.9","25.17099954738852","25.2","46.9259994506836","46.9","157.62","145.43","18.47","48.77","true","50.737665","3.058936","50.724241","3.070300","180","139","660","","3.0","0.8","","","","","","","","","",""
"2020-09-03T15:44:36+02:00","2020-09-03T16:12:37+02:00","5481281896","Linselles Course","","Linselles","Europe/Paris","+02:00","00:28:01","00:28:01","00:28:00","Any Activity Type","Running","Uncategorized","Forerunner 245 5.0.0.0","","private","fit","4.94512","10.58759994506836","05:40","10.59884365337596","05:40","12.124800109863282","04:57","15.07","15.22","16.0","32.29","true","50.737260","3.069335","50.735805","3.056825","177","166","400","50.0","3.4","","149.34","159.0","118.01","4176","","","","","",""
"2020-09-02T17:32:26+02:00","2020-09-02T18:24:22+02:00","5477050313","Linselles Course","","Linselles","Europe/Paris","+02:00","00:51:56","00:51:56","00:51:49","Any Activity Type","Running","Uncategorized","Forerunner 245 5.0.0.0","","private","fit","8.86241","10.23840036392212","05:52","10.260493557785372","05:51","12.765600013732913","04:42","56.09","55.47","20.7","46.12","true","50.737317","3.072041","50.742577","3.062734","188","172","773","50.0","4.7","0.2","148.69","161.0","114.77","7716","","","","","",""
"2020-09-01T17:21:46+02:00","2020-09-01T18:38:19+02:00","5472089767","Wervicq-Sud Cyclisme","","Wervicq-Sud","Europe/Paris","+02:00","01:16:17","01:16:33","01:13:58","Any Activity Type","Cycling","Uncategorized","Forerunner 245 5.0.0.0","","private","fit","29.38536","23.112000274658204","23.1","23.837628155071176","23.8","52.60320167541504","52.6","312.62","299.26","19.02","57.98","true","50.748432","3.056989","50.762613","3.047988","188","152","899","","3.6","2.1","","","","","","","","","",""
"2020-08-30T17:36:49+02:00","2020-08-30T18:25:38+02:00","5462569946","Linselles Course","","Linselles","Europe/Paris","+02:00","00:48:49","00:48:49","00:48:48","Any Activity Type","Running","Uncategorized","Forerunner 245 5.0.0.0","","private","fit","8.88679","10.922399711608888","05:30","10.927907542337875","05:29","12.898799800872803","04:39","60.63","61.76","20.64","46.17","true","50.737284","3.072041","50.742591","3.062881","184","171","735","50.0","4.4","","152.75","161.0","119.18","7416","","","","","",""
"2020-08-29T17:13:25+02:00","2020-08-29T17:39:33+02:00","5459167737","Linselles Course","","Linselles","Europe/Paris","+02:00","00:25:38","00:26:08","00:25:30","Any Activity Type","Running","Uncategorized","Forerunner 245 5.0.0.0","","private","fit","5.01669","11.743200302124023","05:07","11.802271496139726","05:05","14.007600116729739","04:17","5.29","14.8","15.58","32.52","true","50.737342","3.072180","50.736051","3.060197","191","170","386","51.0","3.6","","154.64","165.0","126.64","3974","","","","","",""
"2020-08-21T17:29:12+02:00","2020-08-21T18:43:59+02:00","5419572980","Wervicq-Sud Cyclisme","","Wervicq-Sud","Europe/Paris","+02:00","01:14:47","01:14:47","01:14:18","Any Activity Type","Cycling","Uncategorized","Forerunner 245 5.0.0.0","","private","fit","31.39256","25.185599327087402","25.2","25.351644109362017","25.4","54.180000686645506","54.2","368.13","346.83","19.0","58.0","true","50.746788","3.058390","50.760744","3.047916","171","143","730","","3.3","1.2","","","","","","","","","",""
"2020-08-20T18:33:48+02:00","2020-08-20T19:27:06+02:00","5415046934","Linselles Course","","Linselles","Europe/Paris","+02:00","00:53:08","00:53:18","00:53:01","Any Activity Type","Running","Uncategorized","Forerunner 245 4.40.0.0","","private","fit","8.86850","10.015200233459472","05:59","10.037923711475623","05:59","11.858399677276614","05:04","57.59","55.0","20.65","46.04","true","50.737401","3.071975","50.742645","3.062635","180","167","771","50.0","4.3","0.1","148.36","158.0","112.49","7852","","","","","",""
"2020-08-18T17:36:24+02:00","2020-08-18T18:31:26+02:00","5404657907","Linselles Course","","Linselles","Europe/Paris","+02:00","00:55:02","00:55:02","00:54:47","Any Activity Type","Running","Uncategorized","Forerunner 245 4.40.0.0","","private","fit","10.01476","10.91879997253418","05:30","10.96934922035424","05:28","12.866399574279788","04:40","39.16","50.27","15.53","57.99","true","50.737323","3.072050","50.735976","3.059627","181","165","792","51.0","4.4","","151.78","163.0","119.65","8336","","","","","",""
"2020-08-17T18:24:33+02:00","2020-08-17T18:50:41+02:00","5399724854","Linselles - J1- S2","","Linselles","Europe/Paris","+02:00","00:24:52","00:26:08","00:24:49","Any Activity Type","Running","Uncategorized","Forerunner 245 4.40.0.0","","private","fit","4.59543","11.091600322723389","05:25","11.111591621660523","05:24","13.503599739074707","04:27","25.24","25.74","20.0","46.08","true","50.737358","3.072019","50.736016","3.059651","181","165","359","50.0","3.4","","152.58","161.0","121.08","3764","","","","","",""
"2020-08-16T09:56:52+02:00","2020-08-16T10:59:12+02:00","5396014132","Linselles Cyclisme","","Linselles","Europe/Paris","+02:00","01:02:20","01:02:20","01:02:15","Any Activity Type","Cycling","Uncategorized","Forerunner 245 4.40.0.0","","private","fit","30.19163","29.06279983520508","29.1","29.100631704597593","29.1","55.38959884643555","55.4","332.61","321.64","19.0","57.98","true","50.737307","3.072002","50.764740","3.053650","190","165","884","","4.5","3.2","","","","","","","","","",""
"2020-08-15T16:27:42+02:00","2020-08-15T17:52:50+02:00","5396011353","Linselles Cyclisme","","Linselles","Europe/Paris","+02:00","01:25:08","01:25:08","01:22:23","Any Activity Type","Cycling","Uncategorized","Forerunner 245 4.40.0.0","","private","fit","29.94895","21.106799697875974","21.1","21.811091399682113","21.8","50.15159912109376","50.2","352.57","351.96","19.01","58.0","true","50.741444","3.061014","50.758006","3.051172","178","136","719","","3.1","2.0","","","","","","","","","",""
"2020-08-05T16:40:28+02:00","2020-08-05T17:32:13+02:00","5339873622","Linselles Course","","Linselles","Europe/Paris","+02:00","00:51:45","00:51:45","00:51:37","Any Activity Type","Running","Uncategorized","Forerunner 245 4.40.0.0","","private","fit","8.88515","10.30319995880127","05:49","10.328517675814036","05:49","13.031999588012695","04:36","63.52","63.7","20.73","45.91","true","50.737364","3.072037","50.742589","3.062580","185","170","768","51.0","4.2","0.2","150.55","157.0","114.04","7758","","","","","",""
"2020-08-04T10:28:26+02:00","2020-08-04T11:54:45+02:00","5339870410","Linselles Course","","Linselles","Europe/Paris","+02:00","01:26:19","01:26:19","01:26:15","Any Activity Type","Running","Uncategorized","Forerunner 245 4.40.0.0","","private","fit","13.96028","9.705600357055664","06:11","9.71088754545705","06:11","11.015999794006348","05:27","42.81","44.91","15.59","43.39","true","50.737278","3.071753","50.735927","3.059328","181","166","1231","51.0","4.5","","150.47","158.0","107.51","12926","","","","","",""
"2020-08-03T08:53:56+02:00","2020-08-03T10:48:22+02:00","5339865355","Linselles Cyclisme","","Linselles","Europe/Paris","+02:00","01:54:26","01:54:26","01:53:56","Any Activity Type","Cycling","Uncategorized","Forerunner 245 4.40.0.0","","private","fit","58.71289","30.783598709106446","30.8","30.92180120943564","30.9","47.800799560546885","47.8","135.09","129.17","14.11","57.89","true","50.737900","3.071877","50.717785","3.014059","205","163","1536","","4.9","3.3","","","","","","","","","",""
"2020-07-22T17:45:43+02:00","2020-07-22T18:48:53+02:00","5276518731","Linselles Cyclisme","","Linselles","Europe/Paris","+02:00","01:03:10","01:03:10","01:03:08","Any Activity Type","Cycling","Uncategorized","Forerunner 245 4.40.0.0","","private","fit","30.18963","28.677600288391115","28.7","28.688270081687268","28.7","54.31680107116699","54.3","334.8","329.37","19.01","57.99","true","50.737544","3.071846","50.764461","3.053587","186","158","842","","3.6","2.5","","","","","","","","","",""
"2020-07-20T17:39:27+02:00","2020-07-20T18:48:01+02:00","5266112795","Linselles - J2","","Linselles","Europe/Paris","+02:00","01:08:34","01:08:34","01:08:26","Any Activity Type","Running","Uncategorized","Forerunner 245 4.40.0.0","","private","fit","10.93345","9.56879997253418","06:16","9.586933464356113","06:16","12.059999656677247","04:59","52.76","49.65","20.7","48.7","true","50.737323","3.072030","50.742566","3.062676","166","156","900","51.0","3.4","","144.94","156.0","110.02","9912","","","","","",""
"2020-07-19T10:41:43+02:00","2020-07-19T11:48:11+02:00","5259203875","Linselles Cyclisme","","Linselles","Europe/Paris","+02:00","01:06:28","01:06:28","01:06:27","Any Activity Type","Cycling","Uncategorized","Forerunner 245 4.40.0.0","","private","fit","30.22689","27.28439998626709","27.3","27.29515567903981","27.3","50.99039840698242","51.0","323.43","318.14","19.02","57.95","true","50.737221","3.071936","50.764735","3.053650","205","160","901","","3.7","2.8","","","","","","","","","",""
"2020-07-18T17:37:08+02:00","2020-07-18T18:29:16+02:00","5256094784","Linselles - J1","","Linselles","Europe/Paris","+02:00","00:52:08","00:52:08","00:43:31","Any Activity Type","Running","Uncategorized","Forerunner 245 4.40.0.0","","private","fit","6.23828","7.178399848937988","08:22","8.601396343805852","06:59","17.06399917602539","03:31","28.68","27.28","22.95","35.85","true","50.737293","3.072077","50.744081","3.069189","189","156","624","51.0","3.4","2.2","112.72","207.0","104.27","6190","","","","","",""
"2020-07-17T17:45:02+02:00","2020-07-17T18:35:15+02:00","5251045761","Linselles Course","","Linselles","Europe/Paris","+02:00","00:50:13","00:50:13","00:50:11","Any Activity Type","Running","Uncategorized","Forerunner 245 4.40.0.0","","private","fit","8.14753","9.734399986267091","06:10","9.742061677340965","06:10","12.26159963607788","04:54","50.01","50.58","20.72","45.96","true","50.737254","3.072029","50.742590","3.062748","183","165","723","51.0","3.8","","142.75","207.0","113.45","7192","","","","","",""
"2020-07-16T17:49:06+02:00","2020-07-16T18:26:49+02:00","5246271791","Linselles Course","","Linselles","Europe/Paris","+02:00","00:37:42","00:37:43","00:37:31","Any Activity Type","Running","Uncategorized","Forerunner 245 4.40.0.0","","private","fit","6.75763","10.75319995880127","05:35","10.806300462052103","05:33","13.83840036392212","04:20","31.1","31.16","16.02","45.93","true","50.737339","3.071846","50.735944","3.059547","182","164","548","51.0","3.6","","150.31","161.0","119.15","5640","","","","","",""
"2020-07-14T17:49:45+02:00","2020-07-14T18:16:40+02:00","5236353036","Linselles Course","","Linselles","Europe/Paris","+02:00","00:26:55","00:26:55","00:26:50","Any Activity Type","Running","Uncategorized","Forerunner 245 4.40.0.0","","private","fit","5.11598","11.401200199127198","05:16","11.43914556529401","05:15","12.427199649810794","04:50","10.4","14.32","16.04","32.09","true","50.737285","3.071916","50.735962","3.059504","183","168","412","52.0","3.8","","152.58","159.0","124.55","4084","","","","","",""
"2020-07-13T19:07:11+02:00","2020-07-13T19:47:41+02:00","5231789651","Linselles Course","","Linselles","Europe/Paris","+02:00","00:40:30","00:40:30","00:40:29","Any Activity Type","Running","Uncategorized","Forerunner 245 4.40.0.0","","private","fit","6.73002","9.968400192260743","06:01","9.974089977657641","06:01","12.124800109863282","04:57","31.84","29.25","16.02","46.03","true","50.737306","3.071932","50.735929","3.059550","173","150","524","52.0","3.3","","145.34","155.0","114.3","5880","","","","","",""
"2020-07-12T09:57:21+02:00","2020-07-12T11:04:51+02:00","5224223023","Linselles Cyclisme","","Linselles","Europe/Paris","+02:00","01:07:30","01:07:30","01:07:20","Any Activity Type","Cycling","Uncategorized","Forerunner 245 4.40.0.0","","private","fit","30.22630","26.863199615478518","26.9","26.93554741844193","26.9","53.51040115356445","53.5","316.27","313.46","19.0","57.99","true","50.737239","3.072046","50.764822","3.053688","196","164","955","","4.5","3.1","","","","","","","","","",""
"2020-07-10T18:07:28+02:00","2020-07-10T18:34:03+02:00","5216536375","Linselles Course","","Linselles","Europe/Paris","+02:00","00:26:35","00:26:35","00:26:31","Any Activity Type","Running","Uncategorized","Forerunner 245 4.40.0.0","","private","fit","5.01379","11.311199855804444","05:18","11.346075991178775","05:17","11.89079990386963","05:03","11.16","14.43","16.01","32.16","true","50.737297","3.071964","50.735950","3.059531","190","173","423","52.0","4.0","","152.28","159.0","123.83","4030","","","","","",""
"2020-07-09T17:11:49+02:00","2020-07-09T17:41:26+02:00","5211545938","Linselles Course","","Linselles","Europe/Paris","+02:00","00:29:37","00:29:37","00:29:29","Any Activity Type","Running","Uncategorized","Forerunner 245 4.40.0.0","","private","fit","5.07276","10.278000068664552","05:50","10.321606177435688","05:49","12.092399883270266","04:58","10.84","11.23","16.01","32.01","true","50.737291","3.069559","50.735921","3.058634","188","176","483","52.0","4.2","0.1","147.83","158.0","115.85","4362","","","","","",""
